<?xml version="1.0" encoding="UTF-8" standalone="yes"?>
<definitions id="oryx_a2df248b-0a47-4612-86d9-f644cf1845d3" typeLanguage="http://www.w3.org/2001/XMLSchema" expressionLanguage="http://www.w3.org/1999/XPath" targetNamespace="http://www.omg.org/bpmn20" xmlns="http://schema.omg.org/spec/BPMN/2.0" xmlns:bpmndi="http://bpmndi.org">
    <process id="oryx_e6b9eb3b-61be-4b3a-bf0e-5054a3be08dc" name="Monthly financial report">
        <laneSet id="oryx_4815198a-0f79-4de6-827f-a2d9f1367495">
            <lane name="DefaultLane" id="oryx_5ad0bd27-6bee-4f56-8921-11af218457d4">
                <flowElementRef>oryx_FE5A6812-6C1F-4F38-BA5E-4E409A72BFF0</flowElementRef>
                <flowElementRef>oryx_15F82E37-AA21-4EFD-B869-1182DE82AC32</flowElementRef>
                <flowElementRef>oryx_9BA05B3B-F038-407F-AB27-2D71D10BD230</flowElementRef>
                <flowElementRef>oryx_E7EC04D5-F9C4-4746-8BBC-82599B347FA7</flowElementRef>
            </lane>
        </laneSet>
        <startEvent name="" id="oryx_FE5A6812-6C1F-4F38-BA5E-4E409A72BFF0"/>
        <userTask implementation="unspecified" completionQuantity="1" startQuantity="1" isForCompensation="false" name="Write monthly financial report" id="oryx_15F82E37-AA21-4EFD-B869-1182DE82AC32">
            <documentation id="oryx_930ed6c7-9c7b-42aa-ac1a-3a2f5f10463e">Write monthly financial report for publication to shareholders.</documentation>
            <potentialOwner>
                <resourceAssignmentExpression>
                    <formalExpression>accountancy</formalExpression>
                </resourceAssignmentExpression>
            </potentialOwner>
        </userTask>
        <userTask implementation="unspecified" completionQuantity="1" startQuantity="1" isForCompensation="false" name="Verify monthly financial report" id="oryx_9BA05B3B-F038-407F-AB27-2D71D10BD230">
            <documentation id="oryx_17f5867d-cca7-4a06-89f7-e3b9be5a599c">Verify monthly financial report composed by the accountancy departement.
        This financial report is going to be sent to all the company shareholders.</documentation>
            <potentialOwner>
                <resourceAssignmentExpression>
                    <formalExpression>management</formalExpression>
                </resourceAssignmentExpression>
            </potentialOwner>
        </userTask>
        <endEvent name="" id="oryx_E7EC04D5-F9C4-4746-8BBC-82599B347FA7"/>
        <sequenceFlow targetRef="oryx_15F82E37-AA21-4EFD-B869-1182DE82AC32" sourceRef="oryx_FE5A6812-6C1F-4F38-BA5E-4E409A72BFF0" name="" id="oryx_D1541D59-C5D4-4FB1-906C-2D44505C19FC"/>
        <sequenceFlow targetRef="oryx_9BA05B3B-F038-407F-AB27-2D71D10BD230" sourceRef="oryx_15F82E37-AA21-4EFD-B869-1182DE82AC32" name="" id="oryx_56A5115D-0E7A-4837-9B03-34BD9C83C323"/>
        <sequenceFlow targetRef="oryx_E7EC04D5-F9C4-4746-8BBC-82599B347FA7" sourceRef="oryx_9BA05B3B-F038-407F-AB27-2D71D10BD230" name="" id="oryx_AE9D6282-EE83-4973-8D87-85FD059FA9A0"/>
    </process>
    <bpmndi:processDiagram processRef="oryx_e6b9eb3b-61be-4b3a-bf0e-5054a3be08dc" id="oryx_e6b9eb3b-61be-4b3a-bf0e-5054a3be08dc_gui">
        <bpmndi:laneCompartment isVisible="false" height="0.0" width="0.0" y="0.0" x="0.0" name="DefaultLane" id="oryx_5ad0bd27-6bee-4f56-8921-11af218457d4_gui">
            <bpmndi:eventShape eventRef="oryx_FE5A6812-6C1F-4F38-BA5E-4E409A72BFF0" height="30.0" width="30.0" y="160.0" x="73.0" name="" id="oryx_FE5A6812-6C1F-4F38-BA5E-4E409A72BFF0_gui"/>
            <bpmndi:activityShape activityRef="oryx_15F82E37-AA21-4EFD-B869-1182DE82AC32" height="80.0" width="106.0" y="135.0" x="175.0" name="Write monthly financial report" id="oryx_15F82E37-AA21-4EFD-B869-1182DE82AC32_gui"/>
            <bpmndi:activityShape activityRef="oryx_9BA05B3B-F038-407F-AB27-2D71D10BD230" height="79.0" width="107.0" y="135.0" x="326.0" name="Verify monthly financial report" id="oryx_9BA05B3B-F038-407F-AB27-2D71D10BD230_gui"/>
            <bpmndi:eventShape eventRef="oryx_E7EC04D5-F9C4-4746-8BBC-82599B347FA7" height="28.0" width="28.0" y="160.5" x="478.0" name="" id="oryx_E7EC04D5-F9C4-4746-8BBC-82599B347FA7_gui"/>
        </bpmndi:laneCompartment>
        <bpmndi:sequenceFlowConnector sequenceFlowRef="oryx_D1541D59-C5D4-4FB1-906C-2D44505C19FC" label="" targetRef="oryx_15F82E37-AA21-4EFD-B869-1182DE82AC32_gui" sourceRef="oryx_FE5A6812-6C1F-4F38-BA5E-4E409A72BFF0_gui" id="oryx_D1541D59-C5D4-4FB1-906C-2D44505C19FC_gui"/>
        <bpmndi:sequenceFlowConnector sequenceFlowRef="oryx_56A5115D-0E7A-4837-9B03-34BD9C83C323" label="" targetRef="oryx_9BA05B3B-F038-407F-AB27-2D71D10BD230_gui" sourceRef="oryx_15F82E37-AA21-4EFD-B869-1182DE82AC32_gui" id="oryx_56A5115D-0E7A-4837-9B03-34BD9C83C323_gui"/>
        <bpmndi:sequenceFlowConnector sequenceFlowRef="oryx_AE9D6282-EE83-4973-8D87-85FD059FA9A0" label="" targetRef="oryx_E7EC04D5-F9C4-4746-8BBC-82599B347FA7_gui" sourceRef="oryx_9BA05B3B-F038-407F-AB27-2D71D10BD230_gui" id="oryx_AE9D6282-EE83-4973-8D87-85FD059FA9A0_gui"/>
    </bpmndi:processDiagram>
</definitions>
